,PERSON_ID,TEAM_ID,PLAYER_AGE,GP,GS,MIN,FGM,FGA,FG_PCT,FG3M,FG3A,FG3_PCT,FTM,FTA,FT_PCT,OREB,DREB,REB,AST,STL,BLK,TOV,PF,PTS
0,1630173,1610612761,,,,,,,,,,,,,,,,,,,,,,
1,203500,1610612763,,,,,,,,,,,,,,,,,,,,,,
2,1628389,1610612748,23.0,64.0,64.0,2143.0,456.0,800.0,0.57,2.0,8.0,0.25,283.0,354.0,0.799,142.0,431.0,573.0,346.0,75.0,66.0,169.0,145.0,1197.0
3,1630583,1610612763,,,,,,,,,,,,,,,,,,,,,,
4,200746,1610612751,35.0,5.0,5.0,130.0,25.0,48.0,0.521,4.0,5.0,0.8,10.0,10.0,1.0,2.0,22.0,24.0,13.0,3.0,11.0,7.0,11.0,64.0
5,1629638,1610612762,,,,,,,,,,,,,,,,,,,,,,
6,1628960,1610612749,,,,,,,,,,,,,,,,,,,,,,
7,1628386,1610612739,23.0,51.0,40.0,1544.0,254.0,417.0,0.609,6.0,19.0,0.316,158.0,229.0,0.69,158.0,348.0,506.0,86.0,25.0,71.0,78.0,75.0,672.0
8,1630631,1610612740,,,,,,,,,,,,,,,,,,,,,,
9,203937,1610612750,,,,,,,,,,,,,,,,,,,,,,
10,203507,1610612749,26.0,61.0,61.0,2013.0,626.0,1100.0,0.569,67.0,221.0,0.303,398.0,581.0,0.685,97.0,574.0,671.0,357.0,72.0,73.0,207.0,168.0,1717.0
11,203648,1610612749,28.0,57.0,3.0,551.0,67.0,137.0,0.489,7.0,29.0,0.241,25.0,49.0,0.51,54.0,70.0,124.0,46.0,22.0,10.0,43.0,74.0,166.0
12,2546,1610612747,,,,,,,,,,,,,,,,,,,,,,
13,1630175,1610612753,21.0,47.0,34.0,1273.0,219.0,552.0,0.397,58.0,172.0,0.337,109.0,131.0,0.832,38.0,183.0,221.0,192.0,30.0,18.0,106.0,98.0,605.0
14,1628384,1610612761,23.0,43.0,43.0,1433.0,249.0,519.0,0.48,104.0,261.0,0.398,80.0,102.0,0.784,54.0,183.0,237.0,94.0,66.0,32.0,75.0,114.0,682.0
15,1627853,1610612741,27.0,44.0,0.0,450.0,49.0,117.0,0.419,25.0,67.0,0.373,13.0,20.0,0.65,5.0,62.0,67.0,56.0,9.0,0.0,10.0,47.0,136.0
16,201571,1610612747,,,,,,,,,,,,,,,,,,,,,,
17,1630166,1610612764,20.0,54.0,32.0,1257.0,130.0,312.0,0.417,53.0,168.0,0.315,29.0,45.0,0.644,22.0,240.0,262.0,63.0,32.0,15.0,33.0,140.0,342.0
18,1629028,1610612756,22.0,69.0,69.0,2115.0,430.0,687.0,0.626,4.0,20.0,0.2,133.0,173.0,0.769,228.0,499.0,727.0,99.0,41.0,81.0,103.0,196.0,997.0
19,1628962,1610612762,21.0,15.0,0.0,57.0,4.0,9.0,0.444,0.0,0.0,0.0,8.0,10.0,0.8,4.0,9.0,13.0,0.0,1.0,4.0,3.0,9.0,16.0
20,1628963,1610612765,,,,,,,,,,,,,,,,,,,,,,
21,1630163,1610612766,19.0,51.0,31.0,1469.0,293.0,672.0,0.436,92.0,261.0,0.352,125.0,165.0,0.758,63.0,239.0,302.0,313.0,81.0,18.0,145.0,136.0,803.0
22,1628366,1610612741,,,,,,,,,,,,,,,,,,,,,,
23,1628964,1610612753,23.0,46.0,5.0,725.0,142.0,301.0,0.472,38.0,118.0,0.322,45.0,66.0,0.682,76.0,189.0,265.0,35.0,14.0,58.0,36.0,87.0,367.0
24,1630217,1610612763,23.0,68.0,17.0,1519.0,234.0,499.0,0.469,117.0,271.0,0.432,40.0,49.0,0.816,31.0,179.0,210.0,118.0,41.0,16.0,59.0,125.0,625.0
25,1630625,1610612761,,,,,,,,,,,,,,,,,,,,,,
26,203084,1610612758,29.0,58.0,58.0,2102.0,319.0,642.0,0.497,100.0,256.0,0.391,195.0,235.0,0.83,64.0,321.0,385.0,201.0,43.0,11.0,93.0,75.0,933.0
27,1630567,1610612761,,,,,,,,,,,,,,,,,,,,,,
28,1629628,1610612752,21.0,72.0,72.0,2511.0,467.0,1060.0,0.441,124.0,309.0,0.401,206.0,276.0,0.746,68.0,346.0,414.0,217.0,53.0,20.0,139.0,188.0,1264.0
29,203115,1610612764,,,,,,,,,,,,,,,,,,,,,,
30,1629646,1610612755,,,,,,,,,,,,,,,,,,,,,,
31,1628966,1610612759,25.0,30.0,0.0,245.0,30.0,67.0,0.448,5.0,17.0,0.294,14.0,21.0,0.667,9.0,40.0,49.0,12.0,11.0,5.0,7.0,11.0,79.0
32,201587,1610612746,32.0,67.0,38.0,1835.0,191.0,412.0,0.464,110.0,272.0,0.404,48.0,58.0,0.828,50.0,266.0,316.0,148.0,69.0,37.0,53.0,102.0,540.0
33,203145,1610612747,,,,,,,,,,,,,,,,,,,,,,
34,1629647,1610612760,21.0,55.0,55.0,1714.0,273.0,690.0,0.396,83.0,286.0,0.29,125.0,178.0,0.702,51.0,345.0,396.0,99.0,29.0,25.0,122.0,60.0,754.0
35,203078,1610612764,28.0,60.0,60.0,2147.0,670.0,1382.0,0.485,130.0,373.0,0.349,408.0,459.0,0.889,72.0,211.0,283.0,265.0,69.0,22.0,187.0,140.0,1878.0
36,1627736,1610612762,,,,,,,,,,,,,,,,,,,,,,
37,202722,1610612742,,,,,,,,,,,,,,,,,,,,,,
38,201976,1610612747,,,,,,,,,,,,,,,,,,,,,,
39,1630180,1610612765,22.0,70.0,53.0,1909.0,279.0,691.0,0.404,175.0,460.0,0.38,124.0,147.0,0.844,43.0,275.0,318.0,95.0,52.0,14.0,60.0,110.0,857.0
40,203920,1610612761,28.0,19.0,17.0,577.0,95.0,171.0,0.556,9.0,31.0,0.29,28.0,44.0,0.636,57.0,87.0,144.0,36.0,16.0,22.0,21.0,46.0,227.0
41,1629048,1610612754,21.0,45.0,3.0,561.0,83.0,194.0,0.428,20.0,79.0,0.253,45.0,61.0,0.738,60.0,90.0,150.0,37.0,9.0,60.0,17.0,94.0,231.0
42,202687,1610612756,,,,,,,,,,,,,,,,,,,,,,
43,202357,1610612744,,,,,,,,,,,,,,,,,,,,,,
44,202339,1610612757,,,,,,,,,,,,,,,,,,,,,,
45,1629833,1610612757,25.0,17.0,0.0,75.0,5.0,20.0,0.25,2.0,8.0,0.25,0.0,0.0,0.0,3.0,7.0,10.0,4.0,2.0,0.0,5.0,8.0,12.0
46,203992,1610612737,28.0,44.0,27.0,1305.0,267.0,565.0,0.473,146.0,333.0,0.438,40.0,44.0,0.909,20.0,140.0,160.0,147.0,49.0,13.0,54.0,99.0,720.0
47,202711,1610612762,32.0,72.0,72.0,2216.0,406.0,925.0,0.439,180.0,461.0,0.39,233.0,265.0,0.879,40.0,241.0,281.0,136.0,45.0,4.0,128.0,115.0,1225.0
48,1629626,1610612753,,,,,,,,,,,,,,,,,,,,,,
49,1630195,1610612762,,,,,,,,,,,,,,,,,,,,,,
50,1629067,1610612761,,,,,,,,,,,,,,,,,,,,,,
51,1626164,1610612756,24.0,67.0,67.0,2270.0,623.0,1287.0,0.484,126.0,371.0,0.34,340.0,392.0,0.867,34.0,247.0,281.0,289.0,53.0,16.0,207.0,181.0,1712.0
52,1630527,1610612746,,,,,,,,,,,,,,,,,,,,,,
53,1628449,1610612761,28.0,60.0,14.0,1453.0,288.0,560.0,0.514,90.0,235.0,0.383,152.0,193.0,0.788,117.0,287.0,404.0,63.0,35.0,111.0,46.0,166.0,818.0
54,1630547,1610612766,,,,,,,,,,,,,,,,,,,,,,
55,202340,1610612747,,,,,,,,,,,,,,,,,,,,,,
56,1628396,1610612741,,,,,,,,,,,,,,,,,,,,,,
57,1629649,1610612753,22.0,8.0,0.0,234.0,35.0,79.0,0.443,11.0,27.0,0.407,8.0,12.0,0.667,10.0,31.0,41.0,16.0,4.0,3.0,11.0,22.0,89.0
58,1628969,1610612756,24.0,72.0,72.0,2348.0,363.0,669.0,0.543,134.0,315.0,0.425,110.0,131.0,0.84,76.0,233.0,309.0,152.0,76.0,63.0,57.0,116.0,970.0
59,1628970,1610612766,23.0,66.0,19.0,1932.0,313.0,622.0,0.503,116.0,290.0,0.4,98.0,113.0,0.867,81.0,316.0,397.0,147.0,44.0,52.0,106.0,143.0,840.0
60,1629052,1610612754,23.0,21.0,16.0,519.0,73.0,151.0,0.483,33.0,78.0,0.423,50.0,65.0,0.769,29.0,86.0,115.0,18.0,19.0,20.0,10.0,32.0,229.0
61,1627763,1610612738,,,,,,,,,,,,,,,,,,,,,,
62,1629717,1610612761,,,,,,,,,,,,,,,,,,,,,,
63,1628415,1610612763,25.0,67.0,67.0,1997.0,432.0,1031.0,0.419,128.0,372.0,0.344,159.0,195.0,0.815,53.0,143.0,196.0,157.0,78.0,26.0,119.0,237.0,1151.0
64,1628971,1610612743,,,,,,,,,,,,,,,,,,,,,,
65,1627759,1610612738,24.0,58.0,58.0,1999.0,538.0,1111.0,0.484,163.0,411.0,0.397,191.0,250.0,0.764,71.0,276.0,347.0,195.0,72.0,32.0,158.0,168.0,1430.0
66,1629650,1610612746,,,,,,,,,,,,,,,,,,,,,,
67,1628425,1610612745,26.0,51.0,14.0,1229.0,150.0,335.0,0.448,91.0,215.0,0.423,25.0,31.0,0.806,38.0,186.0,224.0,72.0,38.0,12.0,41.0,97.0,416.0
68,1630535,1610612757,,,,,,,,,,,,,,,,,,,,,,
69,1629718,1610612755,,,,,,,,,,,,,,,,,,,,,,
70,1630602,1610612737,,,,,,,,,,,,,,,,,,,,,,
71,1628972,1610612747,,,,,,,,,,,,,,,,,,,,,,
72,1628973,1610612752,,,,,,,,,,,,,,,,,,,,,,
73,1628418,1610612747,,,,,,,,,,,,,,,,,,,,,,
74,203493,1610612742,,,,,,,,,,,,,,,,,,,,,,
75,203504,1610612745,,,,,,,,,,,,,,,,,,,,,,
76,202692,1610612765,,,,,,,,,,,,,,,,,,,,,,
77,1630215,1610612762,,,,,,,,,,,,,,,,,,,,,,
78,202710,1610612748,31.0,52.0,52.0,1745.0,366.0,736.0,0.497,25.0,102.0,0.245,359.0,416.0,0.863,94.0,265.0,359.0,369.0,108.0,18.0,109.0,71.0,1116.0
79,1629719,1610612757,,,,,,,,,,,,,,,,,,,,,,
80,203484,1610612743,,,,,,,,,,,,,,,,,,,,,,
81,1630267,1610612743,30.0,65.0,19.0,1425.0,120.0,315.0,0.381,76.0,216.0,0.352,80.0,91.0,0.879,22.0,112.0,134.0,232.0,79.0,14.0,73.0,132.0,396.0
82,1628427,1610612743,24.0,41.0,1.0,281.0,33.0,72.0,0.458,9.0,33.0,0.273,10.0,13.0,0.769,11.0,39.0,50.0,14.0,11.0,2.0,14.0,18.0,85.0
83,1629962,1610612753,25.0,8.0,0.0,74.0,11.0,28.0,0.393,6.0,16.0,0.375,6.0,7.0,0.857,0.0,5.0,5.0,1.0,5.0,1.0,2.0,9.0,34.0
84,203991,1610612737,27.0,63.0,63.0,1898.0,413.0,695.0,0.594,0.0,0.0,0.0,130.0,227.0,0.573,297.0,606.0,903.0,49.0,44.0,129.0,73.0,145.0,956.0
85,1630176,1610612764,,,,,,,,,,,,,,,,,,,,,,
86,1628975,1610612749,,,,,,,,,,,,,,,,,,,,,,
87,1628976,1610612753,22.0,22.0,19.0,583.0,101.0,205.0,0.493,7.0,29.0,0.241,49.0,68.0,0.721,62.0,131.0,193.0,35.0,17.0,18.0,29.0,50.0,258.0
88,1627936,1610612741,,,,,,,,,,,,,,,,,,,,,,
89,1630551,1610612761,,,,,,,,,,,,,,,,,,,,,,
90,1629185,1610612744,,,,,,,,,,,,,,,,,,,,,,
91,1627737,1610612745,,,,,,,,,,,,,,,,,,,,,,
92,1630528,1610612745,,,,,,,,,,,,,,,,,,,,,,
93,1629109,1610612740,,,,,,,,,,,,,,,,,,,,,,
94,1629634,1610612763,24.0,59.0,16.0,1415.0,256.0,495.0,0.517,20.0,77.0,0.26,78.0,113.0,0.69,97.0,231.0,328.0,95.0,60.0,51.0,33.0,84.0,610.0
95,203903,1610612762,29.0,68.0,1.0,1818.0,457.0,1075.0,0.425,208.0,599.0,0.347,129.0,144.0,0.896,47.0,227.0,274.0,168.0,61.0,10.0,115.0,110.0,1251.0
96,1629651,1610612751,22.0,32.0,1.0,594.0,90.0,145.0,0.621,1.0,5.0,0.2,31.0,64.0,0.484,43.0,123.0,166.0,28.0,23.0,40.0,18.0,68.0,212.0
97,1629599,1610612746,24.0,44.0,1.0,395.0,45.0,103.0,0.437,23.0,56.0,0.411,27.0,38.0,0.711,10.0,34.0,44.0,22.0,10.0,0.0,15.0,30.0,140.0
98,1628381,1610612737,23.0,63.0,63.0,1848.0,429.0,771.0,0.556,83.0,208.0,0.399,170.0,204.0,0.833,118.0,349.0,467.0,78.0,34.0,63.0,84.0,193.0,1111.0
99,1628380,1610612759,,,,,,,,,,,,,,,,,,,,,,
100,201144,1610612762,33.0,51.0,51.0,1498.0,284.0,640.0,0.444,138.0,335.0,0.412,121.0,142.0,0.852,36.0,141.0,177.0,305.0,70.0,9.0,99.0,98.0,827.0
101,1626192,1610612749,28.0,69.0,4.0,1575.0,168.0,387.0,0.434,101.0,272.0,0.371,31.0,40.0,0.775,63.0,269.0,332.0,81.0,49.0,23.0,33.0,99.0,468.0
102,1629076,1610612741,,,,,,,,,,,,,,,,,,,,,,
103,1630536,1610612737,,,,,,,,,,,,,,,,,,,,,,
104,202326,1610612743,,,,,,,,,,,,,,,,,,,,,,
105,203496,1610612746,,,,,,,,,,,,,,,,,,,,,,
106,1628470,1610612756,30.0,32.0,8.0,602.0,91.0,181.0,0.503,31.0,84.0,0.369,16.0,20.0,0.8,44.0,110.0,154.0,33.0,19.0,20.0,20.0,59.0,229.0
107,203109,1610612756,30.0,60.0,42.0,1648.0,199.0,492.0,0.404,148.0,380.0,0.389,57.0,75.0,0.76,32.0,250.0,282.0,127.0,48.0,27.0,55.0,125.0,603.0
108,1629633,1610612737,,,,,,,,,,,,,,,,,,,,,,
109,1630595,1610612765,,,,,,,,,,,,,,,,,,,,,,
110,203552,1610612751,,,,,,,,,,,,,,,,,,,,,,
111,201939,1610612744,33.0,63.0,63.0,2152.0,658.0,1365.0,0.482,337.0,801.0,0.421,362.0,395.0,0.916,29.0,316.0,345.0,363.0,77.0,8.0,213.0,119.0,2015.0
112,203076,1610612747,28.0,36.0,36.0,1162.0,301.0,613.0,0.491,26.0,100.0,0.26,158.0,214.0,0.738,62.0,224.0,286.0,110.0,45.0,59.0,74.0,60.0,786.0
113,202334,1610612739,,,,,,,,,,,,,,,,,,,,,,
114,1629056,1610612758,24.0,27.0,0.0,581.0,108.0,246.0,0.439,54.0,145.0,0.372,29.0,37.0,0.784,11.0,77.0,88.0,46.0,27.0,7.0,34.0,49.0,299.0
115,201942,1610612741,,,,,,,,,,,,,,,,,,,,,,
116,203473,1610612748,31.0,16.0,0.0,210.0,46.0,65.0,0.708,1.0,5.0,0.2,20.0,27.0,0.741,28.0,58.0,86.0,12.0,9.0,6.0,13.0,36.0,113.0
117,1628978,1610612744,,,,,,,,,,,,,,,,,,,,,,
118,1628977,1610612765,22.0,20.0,4.0,465.0,81.0,173.0,0.468,16.0,41.0,0.39,45.0,68.0,0.662,22.0,85.0,107.0,24.0,10.0,12.0,27.0,51.0,223.0
119,203476,1610612759,31.0,16.0,0.0,181.0,29.0,55.0,0.527,7.0,22.0,0.318,20.0,24.0,0.833,12.0,30.0,42.0,19.0,9.0,2.0,10.0,18.0,85.0
120,203915,1610612742,,,,,,,,,,,,,,,,,,,,,,
121,1629029,1610612742,22.0,66.0,66.0,2262.0,647.0,1351.0,0.479,192.0,548.0,0.35,344.0,471.0,0.73,54.0,473.0,527.0,567.0,64.0,36.0,281.0,152.0,1830.0
122,1629652,1610612760,22.0,52.0,52.0,1543.0,247.0,639.0,0.387,113.0,329.0,0.343,122.0,164.0,0.744,38.0,151.0,189.0,88.0,45.0,19.0,79.0,134.0,729.0
123,1630245,1610612741,,,,,,,,,,,,,,,,,,,,,,
124,201609,1610612741,,,,,,,,,,,,,,,,,,,,,,
125,203083,1610612741,,,,,,,,,,,,,,,,,,,,,,
126,1630537,1610612754,,,,,,,,,,,,,,,,,,,,,,
127,1630561,1610612751,,,,,,,,,,,,,,,,,,,,,,
128,201142,1610612751,32.0,35.0,32.0,1157.0,324.0,603.0,0.537,85.0,189.0,0.45,210.0,238.0,0.882,13.0,234.0,247.0,195.0,25.0,45.0,120.0,70.0,943.0
129,1630162,1610612750,19.0,72.0,55.0,2314.0,505.0,1211.0,0.417,171.0,520.0,0.329,211.0,272.0,0.776,59.0,277.0,336.0,211.0,82.0,36.0,160.0,129.0,1392.0
130,1629035,1610612738,23.0,31.0,1.0,276.0,47.0,111.0,0.423,18.0,63.0,0.286,11.0,13.0,0.846,3.0,23.0,26.0,14.0,7.0,1.0,7.0,25.0,123.0
131,1630556,1610612751,,,,,,,,,,,,,,,,,,,,,,
132,1629604,1610612750,,,,,,,,,,,,,,,,,,,,,,
133,201961,1610612747,,,,,,,,,,,,,,,,,,,,,,
134,203954,1610612755,27.0,51.0,51.0,1585.0,461.0,899.0,0.513,58.0,154.0,0.377,471.0,548.0,0.859,113.0,426.0,539.0,145.0,50.0,69.0,159.0,123.0,1451.0
135,202324,1610612760,,,,,,,,,,,,,,,,,,,,,,
136,1628981,1610612745,,,,,,,,,,,,,,,,,,,,,,
137,1627827,1610612742,28.0,60.0,60.0,1921.0,220.0,466.0,0.472,119.0,302.0,0.394,31.0,41.0,0.756,98.0,228.0,326.0,102.0,52.0,25.0,48.0,138.0,590.0
138,1630238,1610612738,,,,,,,,,,,,,,,,,,,,,,
139,1630201,1610612761,23.0,47.0,14.0,928.0,127.0,340.0,0.374,54.0,168.0,0.321,45.0,56.0,0.804,10.0,106.0,116.0,137.0,38.0,7.0,43.0,68.0,353.0
140,1627854,1610612750,,,,,,,,,,,,,,,,,,,,,,
141,1630235,1610612737,,,,,,,,,,,,,,,,,,,,,,
142,203095,1610612752,,,,,,,,,,,,,,,,,,,,,,
143,1628368,1610612758,23.0,58.0,58.0,2036.0,529.0,1110.0,0.477,103.0,320.0,0.322,300.0,417.0,0.719,33.0,170.0,203.0,417.0,87.0,27.0,174.0,170.0,1461.0
144,1628982,1610612753,,,,,,,,,,,,,,,,,,,,,,
145,1628365,1610612753,23.0,8.0,8.0,215.0,41.0,104.0,0.394,4.0,16.0,0.25,17.0,19.0,0.895,5.0,20.0,25.0,43.0,8.0,2.0,18.0,18.0,103.0
146,1629117,1610612747,,,,,,,,,,,,,,,,,,,,,,
147,1629655,1610612764,22.0,23.0,0.0,408.0,94.0,138.0,0.681,0.0,0.0,0.0,45.0,67.0,0.672,50.0,78.0,128.0,12.0,15.0,41.0,19.0,44.0,233.0
148,201568,1610612738,,,,,,,,,,,,,,,,,,,,,,
149,1629636,1610612739,21.0,54.0,50.0,1790.0,362.0,802.0,0.451,105.0,266.0,0.395,112.0,132.0,0.848,23.0,106.0,129.0,329.0,66.0,6.0,164.0,110.0,941.0
150,1630586,1610612745,,,,,,,,,,,,,,,,,,,,,,
151,1630568,1610612750,,,,,,,,,,,,,,,,,,,,,,
152,200752,1610612762,,,,,,,,,,,,,,,,,,,,,,
153,202331,1610612746,31.0,54.0,54.0,1821.0,445.0,953.0,0.467,171.0,416.0,0.411,198.0,228.0,0.868,45.0,314.0,359.0,280.0,62.0,24.0,179.0,132.0,1259.0
154,201959,1610612764,,,,,,,,,,,,,,,,,,,,,,
155,1630581,1610612760,,,,,,,,,,,,,,,,,,,,,,
156,1628983,1610612760,22.0,35.0,35.0,1180.0,287.0,565.0,0.508,71.0,170.0,0.418,185.0,229.0,0.808,19.0,147.0,166.0,207.0,27.0,23.0,106.0,70.0,830.0
157,1630264,1610612764,28.0,26.0,4.0,218.0,30.0,60.0,0.5,7.0,24.0,0.292,13.0,16.0,0.813,16.0,35.0,51.0,11.0,10.0,4.0,8.0,27.0,80.0
158,203497,1610612750,,,,,,,,,,,,,,,,,,,,,,
159,1629164,1610612739,,,,,,,,,,,,,,,,,,,,,,
160,203932,1610612743,25.0,25.0,25.0,648.0,103.0,206.0,0.5,17.0,64.0,0.266,31.0,44.0,0.705,38.0,80.0,118.0,56.0,17.0,14.0,30.0,40.0,254.0
161,201569,1610612745,32.0,27.0,13.0,789.0,159.0,367.0,0.433,69.0,210.0,0.329,94.0,114.0,0.825,8.0,50.0,58.0,71.0,14.0,13.0,51.0,44.0,481.0
162,1628984,1610612740,,,,,,,,,,,,,,,,,,,,,,
163,203924,1610612757,,,,,,,,,,,,,,,,,,,,,,
164,201980,1610612763,,,,,,,,,,,,,,,,,,,,,,
165,203110,1610612744,31.0,63.0,63.0,1982.0,170.0,380.0,0.447,34.0,126.0,0.27,70.0,88.0,0.795,55.0,393.0,448.0,558.0,105.0,52.0,188.0,194.0,444.0
166,203210,1610612744,,,,,,,,,,,,,,,,,,,,,,
167,1630224,1610612745,,,,,,,,,,,,,,,,,,,,,,
168,1629750,1610612741,27.0,16.0,0.0,128.0,14.0,31.0,0.452,3.0,8.0,0.375,10.0,10.0,1.0,6.0,13.0,19.0,6.0,10.0,4.0,6.0,13.0,41.0
169,201145,1610612743,,,,,,,,,,,,,,,,,,,,,,
170,1630182,1610612742,20.0,39.0,5.0,445.0,42.0,93.0,0.452,4.0,25.0,0.16,13.0,23.0,0.565,28.0,50.0,78.0,28.0,16.0,3.0,17.0,35.0,101.0
171,201933,1610612751,32.0,26.0,10.0,560.0,93.0,189.0,0.492,31.0,81.0,0.383,43.0,55.0,0.782,28.0,93.0,121.0,63.0,18.0,13.0,30.0,69.0,260.0
172,1629656,1610612752,,,,,,,,,,,,,,,,,,,,,,
173,1629060,1610612764,23.0,57.0,57.0,1797.0,310.0,648.0,0.478,45.0,137.0,0.328,124.0,161.0,0.77,49.0,263.0,312.0,82.0,44.0,7.0,68.0,120.0,789.0
174,1630169,1610612754,,,,,,,,,,,,,,,,,,,,,,
175,1630181,1610612753,20.0,26.0,1.0,655.0,111.0,253.0,0.439,22.0,69.0,0.319,46.0,70.0,0.657,19.0,110.0,129.0,73.0,16.0,8.0,42.0,39.0,290.0
176,203501,1610612742,29.0,70.0,31.0,1985.0,407.0,911.0,0.447,207.0,529.0,0.391,142.0,174.0,0.816,20.0,209.0,229.0,126.0,31.0,11.0,64.0,111.0,1163.0
177,201935,1610612755,,,,,,,,,,,,,,,,,,,,,,
178,203090,1610612737,,,,,,,,,,,,,,,,,,,,,,
179,1629607,1610612740,,,,,,,,,,,,,,,,,,,,,,
180,1626149,1610612755,,,,,,,,,,,,,,,,,,,,,,
181,203914,1610612753,26.0,20.0,19.0,499.0,69.0,189.0,0.365,24.0,66.0,0.364,42.0,48.0,0.875,8.0,24.0,32.0,46.0,11.0,7.0,23.0,34.0,204.0
182,203925,1610612751,29.0,69.0,65.0,2142.0,357.0,707.0,0.505,211.0,444.0,0.475,49.0,63.0,0.778,43.0,205.0,248.0,130.0,46.0,14.0,62.0,141.0,974.0
183,202699,1610612755,28.0,62.0,62.0,2014.0,473.0,924.0,0.512,82.0,208.0,0.394,182.0,204.0,0.892,62.0,357.0,419.0,220.0,55.0,51.0,107.0,119.0,1210.0
184,1628404,1610612757,,,,,,,,,,,,,,,,,,,,,,
185,1628392,1610612752,,,,,,,,,,,,,,,,,,,,,,
186,2617,1610612748,41.0,1.0,0.0,3.0,2.0,2.0,1.0,0.0,0.0,0.0,0.0,0.0,0.0,0.0,1.0,1.0,0.0,0.0,0.0,0.0,0.0,4.0
187,1630573,1610612738,,,,,,,,,,,,,,,,,,,,,,
188,1629637,1610612740,21.0,60.0,3.0,964.0,175.0,280.0,0.625,6.0,14.0,0.429,93.0,120.0,0.775,92.0,165.0,257.0,35.0,25.0,38.0,39.0,101.0,449.0
189,1630165,1610612765,19.0,26.0,18.0,670.0,71.0,201.0,0.353,20.0,72.0,0.278,14.0,17.0,0.824,6.0,63.0,69.0,138.0,27.0,10.0,83.0,57.0,176.0
190,202330,1610612766,31.0,44.0,44.0,1496.0,311.0,658.0,0.473,85.0,205.0,0.415,156.0,185.0,0.843,37.0,221.0,258.0,181.0,52.0,14.0,91.0,74.0,863.0
191,1627823,1610612761,,,,,,,,,,,,,,,,,,,,,,
192,1626195,1610612740,27.0,47.0,12.0,846.0,151.0,268.0,0.563,1.0,10.0,0.1,62.0,93.0,0.667,117.0,217.0,334.0,50.0,22.0,23.0,34.0,68.0,365.0
193,1629639,1610612748,21.0,54.0,15.0,1635.0,307.0,699.0,0.439,107.0,297.0,0.36,94.0,117.0,0.803,25.0,243.0,268.0,184.0,35.0,17.0,101.0,71.0,815.0
194,1627741,1610612754,,,,,,,,,,,,,,,,,,,,,,
195,1629312,1610612748,,,,,,,,,,,,,,,,,,,,,,
196,201588,1610612749,,,,,,,,,,,,,,,,,,,,,,
197,1630792,1610612741,,,,,,,,,,,,,,,,,,,,,,
198,1630207,1610612754,,,,,,,,,,,,,,,,,,,,,,
199,1628988,1610612737,,,,,,,,,,,,,,,,,,,,,,
200,201950,1610612749,31.0,59.0,56.0,1907.0,414.0,823.0,0.503,111.0,283.0,0.392,107.0,136.0,0.787,73.0,195.0,268.0,357.0,96.0,37.0,127.0,98.0,1046.0
201,203200,1610612737,,,,,,,,,,,,,,,,,,,,,,
202,1626158,1610612758,27.0,61.0,61.0,1781.0,366.0,575.0,0.637,2.0,11.0,0.182,135.0,170.0,0.794,144.0,360.0,504.0,101.0,39.0,96.0,75.0,213.0,869.0
203,203918,1610612746,,,,,,,,,,,,,,,,,,,,,,
204,201143,1610612738,,,,,,,,,,,,,,,,,,,,,,
205,1629659,1610612762,,,,,,,,,,,,,,,,,,,,,,
206,1627863,1610612755,,,,,,,,,,,,,,,,,,,,,,
207,2730,1610612747,,,,,,,,,,,,,,,,,,,,,,
208,1630210,1610612743,22.0,37.0,1.0,205.0,40.0,106.0,0.377,18.0,65.0,0.277,7.0,9.0,0.778,1.0,20.0,21.0,18.0,4.0,1.0,18.0,23.0,105.0
209,1628989,1610612758,,,,,,,,,,,,,,,,,,,,,,
210,1630190,1610612757,,,,,,,,,,,,,,,,,,,,,,
211,1630624,1610612752,,,,,,,,,,,,,,,,,,,,,,
212,1629631,1610612737,23.0,23.0,19.0,678.0,120.0,248.0,0.484,31.0,95.0,0.326,73.0,85.0,0.859,17.0,93.0,110.0,44.0,19.0,12.0,29.0,59.0,344.0
213,1630538,1610612743,,,,,,,,,,,,,,,,,,,,,,
214,201586,1610612749,,,,,,,,,,,,,,,,,,,,,,
215,2738,1610612744,,,,,,,,,,,,,,,,,,,,,,
216,204060,1610612749,,,,,,,,,,,,,,,,,,,,,,
217,1627742,1610612740,23.0,61.0,61.0,2092.0,513.0,1101.0,0.466,143.0,375.0,0.381,281.0,320.0,0.878,34.0,265.0,299.0,296.0,42.0,36.0,154.0,124.0,1450.0
218,202681,1610612751,29.0,54.0,54.0,1886.0,549.0,1086.0,0.506,152.0,378.0,0.402,201.0,218.0,0.922,52.0,205.0,257.0,324.0,76.0,37.0,130.0,140.0,1451.0
219,1628371,1610612753,,,,,,,,,,,,,,,,,,,,,,
220,1628402,1610612765,23.0,40.0,6.0,738.0,134.0,293.0,0.457,61.0,150.0,0.407,61.0,75.0,0.813,15.0,71.0,86.0,36.0,15.0,1.0,34.0,53.0,390.0
221,1630543,1610612754,,,,,,,,,,,,,,,,,,,,,,
222,1628367,1610612761,,,,,,,,,,,,,,,,,,,,,,
223,202704,1610612746,31.0,67.0,43.0,1544.0,263.0,585.0,0.45,122.0,282.0,0.433,67.0,82.0,0.817,24.0,168.0,192.0,205.0,41.0,7.0,74.0,127.0,715.0
224,1628991,1610612763,21.0,11.0,4.0,258.0,53.0,125.0,0.424,17.0,60.0,0.283,35.0,42.0,0.833,17.0,45.0,62.0,12.0,12.0,18.0,15.0,42.0,158.0
225,2544,1610612747,36.0,45.0,45.0,1504.0,422.0,823.0,0.513,104.0,285.0,0.365,178.0,255.0,0.698,29.0,317.0,346.0,350.0,48.0,25.0,168.0,70.0,1126.0
226,1629660,1610612760,23.0,33.0,1.0,788.0,128.0,287.0,0.446,71.0,168.0,0.423,26.0,34.0,0.765,10.0,81.0,91.0,120.0,20.0,6.0,47.0,61.0,353.0
227,1630198,1610612755,21.0,41.0,1.0,383.0,48.0,133.0,0.361,39.0,106.0,0.368,18.0,24.0,0.75,6.0,30.0,36.0,20.0,12.0,4.0,11.0,34.0,153.0
228,1629661,1610612756,25.0,60.0,11.0,1437.0,203.0,483.0,0.42,117.0,335.0,0.349,50.0,59.0,0.847,33.0,166.0,199.0,86.0,37.0,16.0,40.0,85.0,573.0
229,1630525,1610612761,,,,,,,,,,,,,,,,,,,,,,
230,1630552,1610612737,,,,,,,,,,,,,,,,,,,,,,
231,1629640,1610612759,21.0,69.0,67.0,1968.0,338.0,705.0,0.479,60.0,181.0,0.331,145.0,196.0,0.74,93.0,319.0,412.0,121.0,40.0,24.0,78.0,142.0,881.0
232,1630553,1610612757,,,,,,,,,,,,,,,,,,,,,,
233,1626169,1610612762,,,,,,,,,,,,,,,,,,,,,,
234,203999,1610612743,26.0,72.0,72.0,2488.0,732.0,1293.0,0.566,92.0,237.0,0.388,342.0,394.0,0.868,205.0,575.0,780.0,599.0,95.0,48.0,222.0,192.0,1898.0
235,1627745,1610612747,26.0,8.0,6.0,112.0,16.0,17.0,0.941,0.0,0.0,0.0,11.0,12.0,0.917,8.0,18.0,26.0,1.0,1.0,7.0,5.0,22.0,43.0
236,1630529,1610612740,,,,,,,,,,,,,,,,,,,,,,
237,1630539,1610612766,,,,,,,,,,,,,,,,,,,,,,
238,1630222,1610612747,,,,,,,,,,,,,,,,,,,,,,
239,1630200,1610612759,21.0,37.0,1.0,269.0,37.0,78.0,0.474,3.0,5.0,0.6,17.0,19.0,0.895,8.0,13.0,21.0,39.0,8.0,0.0,13.0,13.0,94.0
240,1626145,1610612763,25.0,70.0,9.0,1223.0,178.0,413.0,0.431,45.0,140.0,0.321,41.0,45.0,0.911,21.0,119.0,140.0,259.0,64.0,6.0,48.0,31.0,442.0
241,1627884,1610612741,,,,,,,,,,,,,,,,,,,,,,
242,201599,1610612743,,,,,,,,,,,,,,,,,,,,,,
243,202709,1610612765,29.0,19.0,11.0,502.0,89.0,176.0,0.506,14.0,38.0,0.368,36.0,41.0,0.878,10.0,50.0,60.0,105.0,22.0,9.0,35.0,41.0,228.0
244,1628379,1610612746,25.0,63.0,17.0,1232.0,197.0,414.0,0.476,100.0,224.0,0.446,26.0,31.0,0.839,15.0,146.0,161.0,104.0,23.0,9.0,48.0,91.0,520.0
245,1630296,1610612765,,,,,,,,,,,,,,,,,,,,,,
246,1630557,1610612764,,,,,,,,,,,,,,,,,,,,,,
247,1628467,1610612742,29.0,50.0,40.0,1341.0,116.0,275.0,0.422,87.0,212.0,0.41,34.0,37.0,0.919,47.0,213.0,260.0,68.0,24.0,35.0,30.0,105.0,353.0
248,1630233,1610612750,,,,,,,,,,,,,,,,,,,,,,
249,1628995,1610612765,,,,,,,,,,,,,,,,,,,,,,
250,1629723,1610612763,25.0,43.0,0.0,575.0,69.0,138.0,0.5,21.0,56.0,0.375,25.0,30.0,0.833,35.0,93.0,128.0,47.0,30.0,9.0,18.0,40.0,184.0
251,1627788,1610612755,23.0,55.0,11.0,1062.0,170.0,424.0,0.401,101.0,269.0,0.375,60.0,82.0,0.732,17.0,96.0,113.0,82.0,49.0,9.0,46.0,64.0,501.0
252,1628436,1610612738,25.0,18.0,2.0,254.0,35.0,74.0,0.473,9.0,36.0,0.25,1.0,2.0,0.5,13.0,39.0,52.0,20.0,2.0,25.0,6.0,19.0,80.0
253,1630249,1610612760,,,,,,,,,,,,,,,,,,,,,,
254,1629083,1610612766,,,,,,,,,,,,,,,,,,,,,,
255,1630228,1610612744,,,,,,,,,,,,,,,,,,,,,,
256,1628398,1610612764,,,,,,,,,,,,,,,,,,,,,,
257,203897,1610612741,26.0,58.0,58.0,2034.0,569.0,1123.0,0.507,200.0,477.0,0.419,253.0,298.0,0.849,36.0,253.0,289.0,282.0,46.0,27.0,203.0,138.0,1591.0
258,1630237,1610612745,23.0,24.0,3.0,415.0,46.0,118.0,0.39,23.0,71.0,0.324,18.0,21.0,0.857,27.0,43.0,70.0,23.0,6.0,5.0,19.0,34.0,133.0
259,203087,1610612758,,,,,,,,,,,,,,,,,,,,,,
260,1629111,1610612756,,,,,,,,,,,,,,,,,,,,,,
261,1629641,1610612759,,,,,,,,,,,,,,,,,,,,,,
262,1627774,1610612738,,,,,,,,,,,,,,,,,,,,,,
263,1627747,1610612739,,,,,,,,,,,,,,,,,,,,,,
264,1627814,1610612756,,,,,,,,,,,,,,,,,,,,,,
265,1630240,1610612765,22.0,48.0,7.0,781.0,99.0,210.0,0.471,8.0,23.0,0.348,61.0,89.0,0.685,20.0,77.0,97.0,174.0,32.0,13.0,55.0,76.0,267.0
266,203458,1610612758,,,,,,,,,,,,,,,,,,,,,,
267,202695,1610612746,30.0,52.0,52.0,1772.0,465.0,908.0,0.512,101.0,254.0,0.398,261.0,295.0,0.885,55.0,282.0,337.0,269.0,81.0,21.0,105.0,82.0,1292.0
268,1630575,1610612766,,,,,,,,,,,,,,,,,,,,,,
269,1630184,1610612740,20.0,54.0,0.0,904.0,130.0,337.0,0.386,40.0,120.0,0.333,43.0,51.0,0.843,12.0,59.0,71.0,124.0,38.0,10.0,34.0,88.0,343.0
270,203081,1610612757,30.0,67.0,67.0,2398.0,602.0,1334.0,0.451,275.0,704.0,0.391,449.0,484.0,0.928,32.0,251.0,283.0,505.0,62.0,17.0,203.0,102.0,1928.0
271,1629642,1610612757,21.0,48.0,2.0,640.0,78.0,167.0,0.467,28.0,80.0,0.35,36.0,45.0,0.8,32.0,96.0,128.0,23.0,5.0,13.0,18.0,51.0,220.0
272,1630587,1610612765,,,,,,,,,,,,,,,,,,,,,,
273,1626172,1610612744,25.0,61.0,34.0,1161.0,108.0,197.0,0.548,4.0,17.0,0.235,31.0,48.0,0.646,117.0,205.0,322.0,119.0,21.0,22.0,37.0,136.0,251.0
274,201572,1610612749,33.0,70.0,70.0,1902.0,322.0,640.0,0.503,95.0,281.0,0.338,120.0,142.0,0.845,104.0,243.0,347.0,50.0,40.0,103.0,64.0,149.0,859.0
275,201577,1610612739,,,,,,,,,,,,,,,,,,,,,,
276,1629712,1610612757,,,,,,,,,,,,,,,,,,,,,,
277,201567,1610612739,32.0,25.0,25.0,622.0,103.0,252.0,0.409,57.0,156.0,0.365,42.0,51.0,0.824,17.0,169.0,186.0,63.0,16.0,2.0,38.0,26.0,305.0
278,200768,1610612748,,,,,,,,,,,,,,,,,,,,,,
279,1630994,1610612756,,,,,,,,,,,,,,,,,,,,,,
280,1627789,1610612737,,,,,,,,,,,,,,,,,,,,,,
281,1626168,1610612758,,,,,,,,,,,,,,,,,,,,,,
282,1630177,1610612760,20.0,65.0,49.0,1778.0,226.0,614.0,0.368,105.0,313.0,0.335,101.0,135.0,0.748,25.0,186.0,211.0,227.0,56.0,11.0,141.0,126.0,658.0
283,1630572,1610612749,,,,,,,,,,,,,,,,,,,,,,
284,1629611,1610612746,24.0,67.0,10.0,1263.0,178.0,350.0,0.509,38.0,91.0,0.418,78.0,94.0,0.83,56.0,186.0,242.0,104.0,29.0,13.0,40.0,126.0,472.0
285,1630544,1610612760,,,,,,,,,,,,,,,,,,,,,,
286,1626246,1610612745,,,,,,,,,,,,,,,,,,,,,,
287,1628374,1610612762,,,,,,,,,,,,,,,,,,,,,,
288,1630230,1610612740,23.0,32.0,10.0,700.0,82.0,209.0,0.392,29.0,83.0,0.349,53.0,75.0,0.707,15.0,133.0,148.0,88.0,26.0,10.0,38.0,58.0,246.0
289,1628997,1610612748,,,,,,,,,,,,,,,,,,,,,,
290,1628998,1610612766,25.0,52.0,10.0,849.0,83.0,188.0,0.441,16.0,58.0,0.276,25.0,43.0,0.581,52.0,109.0,161.0,86.0,37.0,12.0,40.0,52.0,207.0
291,1630231,1610612745,20.0,45.0,8.0,1068.0,162.0,318.0,0.509,35.0,96.0,0.365,60.0,84.0,0.714,73.0,169.0,242.0,48.0,30.0,41.0,38.0,89.0,419.0
292,1629726,1610612745,,,,,,,,,,,,,,,,,,,,,,
293,202083,1610612749,,,,,,,,,,,,,,,,,,,,,,
294,1630178,1610612755,20.0,61.0,8.0,936.0,198.0,429.0,0.462,31.0,103.0,0.301,61.0,70.0,0.871,11.0,93.0,104.0,120.0,26.0,13.0,41.0,79.0,488.0
295,1630219,1610612737,23.0,33.0,0.0,269.0,44.0,98.0,0.449,14.0,40.0,0.35,22.0,25.0,0.88,10.0,25.0,35.0,30.0,14.0,2.0,9.0,15.0,124.0
296,1630540,1610612752,,,,,,,,,,,,,,,,,,,,,,
297,1630644,1610612744,,,,,,,,,,,,,,,,,,,,,,
298,203468,1610612740,,,,,,,,,,,,,,,,,,,,,,
299,204456,1610612754,29.0,69.0,3.0,1796.0,274.0,490.0,0.559,15.0,48.0,0.313,33.0,48.0,0.688,55.0,201.0,256.0,456.0,128.0,23.0,135.0,113.0,596.0
300,1630183,1610612750,20.0,63.0,27.0,1511.0,164.0,367.0,0.447,72.0,198.0,0.364,27.0,45.0,0.6,52.0,180.0,232.0,71.0,35.0,60.0,47.0,172.0,427.0
301,1629667,1610612766,23.0,47.0,18.0,904.0,133.0,284.0,0.468,35.0,105.0,0.333,45.0,64.0,0.703,45.0,124.0,169.0,53.0,28.0,19.0,45.0,95.0,346.0
302,203926,1610612759,,,,,,,,,,,,,,,,,,,,,,
303,201580,1610612742,,,,,,,,,,,,,,,,,,,,,,
304,203585,1610612765,29.0,16.0,2.0,194.0,37.0,70.0,0.529,11.0,24.0,0.458,6.0,8.0,0.75,8.0,14.0,22.0,16.0,8.0,1.0,7.0,12.0,91.0
305,1629162,1610612750,25.0,51.0,2.0,938.0,100.0,242.0,0.413,33.0,92.0,0.359,23.0,30.0,0.767,21.0,87.0,108.0,193.0,51.0,6.0,51.0,44.0,256.0
306,203463,1610612757,,,,,,,,,,,,,,,,,,,,,,
307,1629001,1610612755,,,,,,,,,,,,,,,,,,,,,,
308,1629002,1610612758,24.0,36.0,6.0,488.0,91.0,179.0,0.508,13.0,37.0,0.351,31.0,43.0,0.721,31.0,81.0,112.0,28.0,14.0,18.0,29.0,59.0,226.0
309,203114,1610612749,29.0,68.0,68.0,2269.0,511.0,1074.0,0.476,151.0,365.0,0.414,212.0,236.0,0.898,54.0,352.0,406.0,370.0,74.0,9.0,178.0,160.0,1385.0
310,201988,1610612751,,,,,,,,,,,,,,,,,,,,,,
311,200794,1610612755,,,,,,,,,,,,,,,,,,,,,,
312,1629003,1610612755,24.0,63.0,4.0,1461.0,300.0,667.0,0.45,71.0,203.0,0.35,146.0,176.0,0.83,33.0,115.0,148.0,193.0,39.0,18.0,103.0,130.0,817.0
313,1630558,1610612758,,,,,,,,,,,,,,,,,,,,,,
314,1628378,1610612739,,,,,,,,,,,,,,,,,,,,,,
315,1630596,1610612739,,,,,,,,,,,,,,,,,,,,,,
316,1628370,1610612758,,,,,,,,,,,,,,,,,,,,,,
317,202328,1610612750,,,,,,,,,,,,,,,,,,,,,,
318,1630541,1610612744,,,,,,,,,,,,,,,,,,,,,,
319,1629875,1610612746,,,,,,,,,,,,,,,,,,,,,,
320,1629630,1610612763,21.0,63.0,63.0,2053.0,430.0,957.0,0.449,73.0,241.0,0.303,271.0,372.0,0.728,59.0,193.0,252.0,465.0,57.0,13.0,203.0,87.0,1204.0
321,1629752,1610612738,,,,,,,,,,,,,,,,,,,,,,
322,202693,1610612751,,,,,,,,,,,,,,,,,,,,,,
323,1628420,1610612764,,,,,,,,,,,,,,,,,,,,,,
324,202694,1610612746,31.0,57.0,29.0,1502.0,276.0,584.0,0.473,140.0,296.0,0.473,73.0,89.0,0.82,35.0,199.0,234.0,58.0,34.0,15.0,57.0,117.0,765.0
325,1628539,1610612748,,,,,,,,,,,,,,,,,,,,,,
326,1630530,1610612740,,,,,,,,,,,,,,,,,,,,,,
327,1627749,1610612737,,,,,,,,,,,,,,,,,,,,,,
328,1627750,1610612743,24.0,48.0,48.0,1704.0,378.0,792.0,0.477,129.0,316.0,0.408,133.0,153.0,0.869,37.0,157.0,194.0,231.0,64.0,13.0,108.0,95.0,1018.0
329,203488,1610612760,29.0,35.0,0.0,645.0,119.0,267.0,0.446,68.0,184.0,0.37,33.0,36.0,0.917,19.0,113.0,132.0,28.0,8.0,11.0,21.0,54.0,339.0
330,1629004,1610612761,,,,,,,,,,,,,,,,,,,,,,
331,1626204,1610612740,,,,,,,,,,,,,,,,,,,,,,
332,1630612,1610612739,,,,,,,,,,,,,,,,,,,,,,
333,1630174,1610612754,,,,,,,,,,,,,,,,,,,,,,
334,203526,1610612739,,,,,,,,,,,,,,,,,,,,,,
335,1627777,1610612755,,,,,,,,,,,,,,,,,,,,,,
336,1630227,1610612745,,,,,,,,,,,,,,,,,,,,,,
337,1630192,1610612743,20.0,42.0,1.0,397.0,50.0,104.0,0.481,24.0,59.0,0.407,12.0,15.0,0.8,14.0,51.0,65.0,10.0,8.0,4.0,7.0,29.0,136.0
338,203457,1610612765,,,,,,,,,,,,,,,,,,,,,,
339,1629669,1610612750,21.0,42.0,0.0,759.0,142.0,335.0,0.424,50.0,150.0,0.333,45.0,55.0,0.818,19.0,76.0,95.0,62.0,22.0,12.0,28.0,72.0,379.0
340,1628373,1610612742,,,,,,,,,,,,,,,,,,,,,,
341,1629134,1610612747,,,,,,,,,,,,,,,,,,,,,,
342,203994,1610612757,26.0,37.0,37.0,880.0,171.0,333.0,0.514,12.0,30.0,0.4,70.0,113.0,0.619,86.0,246.0,332.0,125.0,38.0,39.0,73.0,103.0,424.0
343,1628021,1610612745,28.0,30.0,9.0,679.0,106.0,218.0,0.486,17.0,63.0,0.27,47.0,68.0,0.691,40.0,78.0,118.0,31.0,30.0,21.0,17.0,60.0,276.0
344,1629670,1610612749,22.0,30.0,2.0,274.0,62.0,135.0,0.459,28.0,62.0,0.452,19.0,25.0,0.76,9.0,51.0,60.0,7.0,17.0,8.0,24.0,22.0,171.0
345,1626220,1610612751,,,,,,,,,,,,,,,,,,,,,,
346,1629643,1610612753,22.0,45.0,19.0,1133.0,135.0,324.0,0.417,49.0,141.0,0.348,30.0,40.0,0.75,42.0,139.0,181.0,101.0,48.0,22.0,38.0,48.0,349.0
347,1629006,1610612756,,,,,,,,,,,,,,,,,,,,,,
348,1630168,1610612737,20.0,50.0,4.0,601.0,96.0,149.0,0.644,0.0,3.0,0.0,36.0,57.0,0.632,62.0,101.0,163.0,18.0,23.0,33.0,29.0,100.0,228.0
349,1630171,1610612739,20.0,67.0,67.0,2173.0,235.0,559.0,0.42,62.0,214.0,0.29,114.0,157.0,0.726,68.0,138.0,206.0,128.0,62.0,24.0,86.0,185.0,646.0
350,203506,1610612748,29.0,4.0,4.0,111.0,16.0,43.0,0.372,4.0,17.0,0.235,12.0,18.0,0.667,3.0,11.0,14.0,14.0,7.0,2.0,14.0,13.0,48.0
351,203482,1610612765,,,,,,,,,,,,,,,,,,,,,,
352,1626224,1610612739,26.0,59.0,26.0,1511.0,219.0,586.0,0.374,99.0,324.0,0.306,76.0,95.0,0.8,38.0,163.0,201.0,174.0,53.0,9.0,80.0,119.0,613.0
353,1626162,1610612766,,,,,,,,,,,,,,,,,,,,,,
354,1629672,1610612750,,,,,,,,,,,,,,,,,,,,,,
355,101108,1610612756,36.0,70.0,70.0,2200.0,439.0,879.0,0.499,102.0,258.0,0.395,169.0,181.0,0.934,25.0,287.0,312.0,622.0,99.0,19.0,156.0,166.0,1149.0
356,1626166,1610612756,26.0,60.0,1.0,1079.0,191.0,395.0,0.484,73.0,166.0,0.44,50.0,56.0,0.893,16.0,128.0,144.0,217.0,36.0,16.0,60.0,97.0,505.0
357,203901,1610612756,,,,,,,,,,,,,,,,,,,,,,
358,1627780,1610612757,,,,,,,,,,,,,,,,,,,,,,
359,1630691,1610612739,,,,,,,,,,,,,,,,,,,,,,
360,1629033,1610612742,,,,,,,,,,,,,,,,,,,,,,
361,203486,1610612766,,,,,,,,,,,,,,,,,,,,,,
362,1627751,1610612759,25.0,69.0,51.0,1845.0,265.0,430.0,0.616,0.0,0.0,0.0,63.0,124.0,0.508,219.0,328.0,547.0,134.0,47.0,123.0,83.0,172.0,593.0
363,1630197,1610612760,19.0,45.0,28.0,1090.0,139.0,408.0,0.341,58.0,207.0,0.28,31.0,42.0,0.738,30.0,182.0,212.0,97.0,20.0,42.0,99.0,58.0,367.0
364,1630582,1610612763,,,,,,,,,,,,,,,,,,,,,,
365,1629673,1610612744,22.0,51.0,7.0,988.0,205.0,474.0,0.432,97.0,276.0,0.351,105.0,119.0,0.882,15.0,77.0,92.0,99.0,26.0,9.0,51.0,86.0,612.0
366,1629645,1610612745,21.0,26.0,23.0,836.0,156.0,367.0,0.425,50.0,161.0,0.311,69.0,94.0,0.734,20.0,79.0,99.0,164.0,19.0,8.0,91.0,61.0,431.0
367,1629008,1610612743,23.0,61.0,54.0,1912.0,443.0,817.0,0.542,170.0,382.0,0.445,106.0,134.0,0.791,91.0,354.0,445.0,70.0,40.0,54.0,77.0,126.0,1162.0
368,203490,1610612761,,,,,,,,,,,,,,,,,,,,,,
369,1626171,1610612749,26.0,66.0,7.0,1372.0,313.0,598.0,0.523,74.0,157.0,0.471,54.0,73.0,0.74,124.0,342.0,466.0,71.0,52.0,26.0,56.0,115.0,754.0
370,204001,1610612764,,,,,,,,,,,,,,,,,,,,,,
371,203939,1610612742,29.0,58.0,19.0,966.0,120.0,194.0,0.619,5.0,21.0,0.238,97.0,124.0,0.782,80.0,154.0,234.0,63.0,36.0,30.0,40.0,135.0,342.0
372,1629619,1610612755,,,,,,,,,,,,,,,,,,,,,,
373,1626181,1610612746,,,,,,,,,,,,,,,,,,,,,,
374,1630563,1610612759,,,,,,,,,,,,,,,,,,,,,,
375,1627752,1610612750,,,,,,,,,,,,,,,,,,,,,,
376,1630202,1610612738,23.0,66.0,4.0,1268.0,184.0,418.0,0.44,102.0,248.0,0.411,40.0,45.0,0.889,33.0,125.0,158.0,120.0,37.0,9.0,53.0,104.0,510.0
377,1630243,1610612755,,,,,,,,,,,,,,,,,,,,,,
378,1629674,1610612758,,,,,,,,,,,,,,,,,,,,,,
379,1630193,1610612752,22.0,64.0,3.0,1244.0,229.0,580.0,0.395,118.0,303.0,0.389,155.0,174.0,0.891,25.0,112.0,137.0,127.0,30.0,12.0,58.0,114.0,731.0
380,203944,1610612752,26.0,71.0,71.0,2667.0,602.0,1321.0,0.456,160.0,389.0,0.411,348.0,429.0,0.811,84.0,640.0,724.0,427.0,64.0,18.0,241.0,225.0,1712.0
381,1630559,1610612747,,,,,,,,,,,,,,,,,,,,,,
382,1629629,1610612752,,,,,,,,,,,,,,,,,,,,,,
383,1628432,1610612743,,,,,,,,,,,,,,,,,,,,,,
384,1630194,1610612755,22.0,26.0,0.0,177.0,42.0,78.0,0.538,0.0,6.0,0.0,4.0,8.0,0.5,30.0,31.0,61.0,12.0,10.0,13.0,12.0,29.0,88.0
385,1629675,1610612750,21.0,70.0,15.0,1347.0,304.0,581.0,0.523,61.0,174.0,0.351,115.0,166.0,0.693,82.0,240.0,322.0,72.0,34.0,76.0,69.0,179.0,784.0
386,1630208,1610612766,23.0,18.0,0.0,63.0,4.0,9.0,0.444,0.0,1.0,0.0,7.0,11.0,0.636,4.0,7.0,11.0,2.0,0.0,0.0,3.0,7.0,15.0
387,1626196,1610612759,,,,,,,,,,,,,,,,,,,,,,
388,203085,1610612750,,,,,,,,,,,,,,,,,,,,,,
389,1629130,1610612748,27.0,72.0,72.0,2262.0,315.0,717.0,0.439,250.0,613.0,0.408,62.0,75.0,0.827,7.0,243.0,250.0,127.0,43.0,20.0,81.0,181.0,942.0
390,1629011,1610612752,23.0,31.0,29.0,853.0,115.0,176.0,0.653,0.0,0.0,0.0,26.0,53.0,0.491,113.0,139.0,252.0,17.0,35.0,45.0,26.0,86.0,256.0
391,1630526,1610612760,,,,,,,,,,,,,,,,,,,,,,
392,1629676,1610612759,,,,,,,,,,,,,,,,,,,,,,
393,200765,1610612739,,,,,,,,,,,,,,,,,,,,,,
394,201565,1610612752,32.0,35.0,3.0,937.0,208.0,427.0,0.487,37.0,90.0,0.411,68.0,77.0,0.883,14.0,87.0,101.0,146.0,31.0,15.0,49.0,39.0,521.0
395,203082,1610612753,30.0,46.0,2.0,1347.0,254.0,616.0,0.412,89.0,264.0,0.337,120.0,138.0,0.87,15.0,143.0,158.0,108.0,47.0,21.0,74.0,88.0,717.0
396,1626179,1610612766,27.0,69.0,69.0,2383.0,510.0,1134.0,0.45,222.0,571.0,0.389,165.0,202.0,0.817,47.0,255.0,302.0,293.0,87.0,26.0,128.0,119.0,1407.0
397,201937,1610612739,,,,,,,,,,,,,,,,,,,,,,
398,1626156,1610612750,25.0,42.0,26.0,1196.0,281.0,652.0,0.431,120.0,310.0,0.387,114.0,149.0,0.765,16.0,95.0,111.0,244.0,45.0,18.0,112.0,68.0,796.0
399,1630346,1610612738,,,,,,,,,,,,,,,,,,,,,,
400,1627734,1610612758,,,,,,,,,,,,,,,,,,,,,,
401,203967,1610612756,27.0,50.0,4.0,871.0,153.0,342.0,0.447,47.0,135.0,0.348,84.0,99.0,0.848,46.0,144.0,190.0,65.0,30.0,4.0,57.0,95.0,437.0
402,203107,1610612764,,,,,,,,,,,,,,,,,,,,,,
403,1630648,1610612764,,,,,,,,,,,,,,,,,,,,,,
404,1629678,1610612753,,,,,,,,,,,,,,,,,,,,,,
405,203471,1610612745,,,,,,,,,,,,,,,,,,,,,,
406,1630206,1610612746,20.0,4.0,1.0,84.0,14.0,36.0,0.389,2.0,9.0,0.222,5.0,5.0,1.0,2.0,12.0,14.0,1.0,4.0,0.0,7.0,5.0,35.0
407,1630578,1610612745,,,,,,,,,,,,,,,,,,,,,,
408,1629012,1610612762,,,,,,,,,,,,,,,,,,,,,,
409,1629013,1610612756,,,,,,,,,,,,,,,,,,,,,,
410,1630549,1610612751,,,,,,,,,,,,,,,,,,,,,,
411,1627783,1610612761,27.0,56.0,56.0,2006.0,437.0,961.0,0.455,73.0,246.0,0.297,249.0,301.0,0.827,95.0,310.0,405.0,250.0,64.0,37.0,130.0,174.0,1196.0
412,1627732,1610612751,,,,,,,,,,,,,,,,,,,,,,
413,1630250,1610612741,,,,,,,,,,,,,,,,,,,,,,
414,1629014,1610612757,22.0,64.0,0.0,1104.0,168.0,401.0,0.419,120.0,282.0,0.426,46.0,57.0,0.807,14.0,126.0,140.0,89.0,18.0,8.0,43.0,96.0,502.0
415,1630579,1610612752,,,,,,,,,,,,,,,,,,,,,,
416,1630606,1610612748,,,,,,,,,,,,,,,,,,,,,,
417,203935,1610612738,27.0,48.0,45.0,1581.0,203.0,510.0,0.398,93.0,282.0,0.33,128.0,162.0,0.79,36.0,131.0,167.0,273.0,72.0,23.0,96.0,126.0,627.0
418,202397,1610612743,,,,,,,,,,,,,,,,,,,,,,
419,1630188,1610612754,,,,,,,,,,,,,,,,,,,,,,
420,1630270,1610612762,,,,,,,,,,,,,,,,,,,,,,
421,203503,1610612740,,,,,,,,,,,,,,,,,,,,,,
422,1630531,1610612755,,,,,,,,,,,,,,,,,,,,,,
423,203917,1610612738,,,,,,,,,,,,,,,,,,,,,,
424,202362,1610612754,,,,,,,,,,,,,,,,,,,,,,
425,1630205,1610612739,23.0,40.0,0.0,499.0,62.0,136.0,0.456,4.0,25.0,0.16,37.0,51.0,0.725,24.0,72.0,96.0,25.0,17.0,13.0,23.0,53.0,165.0
426,1630191,1610612765,20.0,68.0,14.0,1455.0,226.0,409.0,0.553,21.0,63.0,0.333,64.0,92.0,0.696,159.0,294.0,453.0,59.0,39.0,86.0,67.0,184.0,537.0
427,1629622,1610612748,25.0,39.0,0.0,507.0,85.0,187.0,0.455,50.0,148.0,0.338,16.0,24.0,0.667,5.0,36.0,41.0,24.0,11.0,2.0,8.0,43.0,236.0
428,1630591,1610612753,,,,,,,,,,,,,,,,,,,,,,
429,1630256,1610612745,25.0,70.0,58.0,2043.0,316.0,625.0,0.506,60.0,195.0,0.308,102.0,147.0,0.694,132.0,242.0,374.0,178.0,85.0,36.0,98.0,222.0,794.0
430,1628369,1610612738,23.0,64.0,64.0,2290.0,605.0,1318.0,0.459,187.0,485.0,0.386,295.0,340.0,0.868,50.0,422.0,472.0,276.0,75.0,31.0,171.0,122.0,1692.0
431,1630678,1610612754,,,,,,,,,,,,,,,,,,,,,,
432,202066,1610612740,,,,,,,,,,,,,,,,,,,,,,
433,1630179,1610612763,,,,,,,,,,,,,,,,,,,,,,
434,1628464,1610612754,,,,,,,,,,,,,,,,,,,,,,
435,1630271,1610612738,,,,,,,,,,,,,,,,,,,,,,
436,1630560,1610612751,,,,,,,,,,,,,,,,,,,,,,
437,202738,1610612766,,,,,,,,,,,,,,,,,,,,,,
438,1629744,1610612741,,,,,,,,,,,,,,,,,,,,,,
439,202691,1610612744,,,,,,,,,,,,,,,,,,,,,,
440,202684,1610612741,,,,,,,,,,,,,,,,,,,,,,
441,1630550,1610612766,,,,,,,,,,,,,,,,,,,,,,
442,1629680,1610612755,24.0,65.0,8.0,1298.0,102.0,243.0,0.42,43.0,143.0,0.301,8.0,18.0,0.444,30.0,94.0,124.0,63.0,105.0,71.0,32.0,127.0,255.0
443,1629681,1610612763,23.0,18.0,1.0,182.0,19.0,57.0,0.333,10.0,33.0,0.303,9.0,11.0,0.818,6.0,18.0,24.0,8.0,5.0,8.0,2.0,20.0,57.0
444,1630214,1610612763,22.0,59.0,12.0,1085.0,167.0,299.0,0.559,22.0,65.0,0.338,34.0,53.0,0.642,74.0,182.0,256.0,75.0,44.0,33.0,45.0,116.0,390.0
445,1630225,1610612764,,,,,,,,,,,,,,,,,,,,,,
446,1630167,1610612752,23.0,62.0,0.0,683.0,104.0,209.0,0.498,26.0,85.0,0.306,19.0,26.0,0.731,26.0,112.0,138.0,29.0,17.0,15.0,23.0,55.0,253.0
447,1629308,1610612747,,,,,,,,,,,,,,,,,,,,,,
448,1626157,1610612750,25.0,50.0,50.0,1689.0,425.0,875.0,0.486,122.0,315.0,0.387,267.0,311.0,0.859,133.0,396.0,529.0,225.0,39.0,57.0,160.0,186.0,1239.0
449,1629018,1610612761,22.0,17.0,15.0,540.0,103.0,261.0,0.395,44.0,124.0,0.355,25.0,31.0,0.806,6.0,55.0,61.0,22.0,19.0,4.0,12.0,29.0,275.0
450,200782,1610612755,,,,,,,,,,,,,,,,,,,,,,
451,1629730,1610612749,,,,,,,,,,,,,,,,,,,,,,
452,1626167,1610612754,25.0,47.0,47.0,1455.0,206.0,432.0,0.477,69.0,206.0,0.335,111.0,142.0,0.782,63.0,243.0,306.0,48.0,40.0,159.0,67.0,165.0,592.0
453,202685,1610612740,,,,,,,,,,,,,,,,,,,,,,
454,1627832,1610612761,27.0,52.0,52.0,1899.0,338.0,870.0,0.389,174.0,476.0,0.366,169.0,191.0,0.885,32.0,188.0,220.0,328.0,87.0,37.0,95.0,119.0,1019.0
455,1629020,1610612762,,,,,,,,,,,,,,,,,,,,,,
456,1630170,1610612759,20.0,62.0,7.0,1056.0,123.0,303.0,0.406,52.0,150.0,0.347,43.0,51.0,0.843,24.0,150.0,174.0,56.0,43.0,18.0,22.0,88.0,341.0
457,1629216,1610612748,25.0,50.0,7.0,655.0,88.0,233.0,0.378,46.0,149.0,0.309,20.0,23.0,0.87,10.0,46.0,56.0,67.0,21.0,2.0,34.0,79.0,242.0
458,202696,1610612741,30.0,26.0,26.0,848.0,230.0,488.0,0.471,59.0,152.0,0.388,40.0,46.0,0.87,59.0,241.0,300.0,102.0,23.0,20.0,43.0,58.0,559.0
459,1629731,1610612739,24.0,63.0,19.0,1212.0,134.0,311.0,0.431,78.0,213.0,0.366,30.0,39.0,0.769,38.0,177.0,215.0,74.0,35.0,21.0,30.0,78.0,376.0
460,1630532,1610612753,,,,,,,,,,,,,,,,,,,,,,
461,1629021,1610612753,24.0,11.0,10.0,286.0,38.0,93.0,0.409,16.0,43.0,0.372,29.0,33.0,0.879,11.0,43.0,54.0,12.0,4.0,9.0,13.0,36.0,121.0
462,1630688,1610612756,,,,,,,,,,,,,,,,,,,,,,
463,202689,1610612765,,,,,,,,,,,,,,,,,,,,,,
464,1629022,1610612747,,,,,,,,,,,,,,,,,,,,,,
465,202322,1610612746,,,,,,,,,,,,,,,,,,,,,,
466,203933,1610612751,,,,,,,,,,,,,,,,,,,,,,
467,1629023,1610612766,22.0,64.0,61.0,1954.0,302.0,686.0,0.44,112.0,290.0,0.386,108.0,145.0,0.745,93.0,325.0,418.0,161.0,69.0,79.0,128.0,171.0,824.0
468,1630613,1610612756,,,,,,,,,,,,,,,,,,,,,,
469,1629139,1610612751,,,,,,,,,,,,,,,,,,,,,,
470,1630322,1610612760,,,,,,,,,,,,,,,,,,,,,,
471,1630570,1610612757,,,,,,,,,,,,,,,,,,,,,,
472,1629683,1610612744,,,,,,,,,,,,,,,,,,,,,,
473,201566,1610612747,,,,,,,,,,,,,,,,,,,,,,
474,1629632,1610612741,21.0,69.0,54.0,2156.0,375.0,902.0,0.416,163.0,454.0,0.359,128.0,142.0,0.901,28.0,256.0,284.0,328.0,38.0,15.0,156.0,179.0,1041.0
475,1628401,1610612738,,,,,,,,,,,,,,,,,,,,,,
476,202355,1610612762,,,,,,,,,,,,,,,,,,,,,,
477,1630580,1610612759,,,,,,,,,,,,,,,,,,,,,,
478,1630598,1610612760,,,,,,,,,,,,,,,,,,,,,,
479,203952,1610612744,26.0,71.0,71.0,2364.0,505.0,1058.0,0.477,140.0,368.0,0.38,170.0,238.0,0.714,82.0,265.0,347.0,167.0,67.0,70.0,126.0,159.0,1320.0
480,1629623,1610612749,,,,,,,,,,,,,,,,,,,,,,
481,1630314,1610612757,,,,,,,,,,,,,,,,,,,,,,
482,1629684,1610612738,22.0,63.0,9.0,1138.0,108.0,247.0,0.437,48.0,129.0,0.372,30.0,51.0,0.588,48.0,130.0,178.0,64.0,32.0,24.0,56.0,161.0,294.0
483,1629026,1610612760,26.0,66.0,13.0,1426.0,219.0,411.0,0.533,52.0,117.0,0.444,36.0,63.0,0.571,84.0,189.0,273.0,152.0,55.0,17.0,76.0,143.0,526.0
484,101150,1610612737,34.0,24.0,1.0,505.0,84.0,216.0,0.389,24.0,54.0,0.444,47.0,54.0,0.87,6.0,44.0,50.0,81.0,8.0,2.0,42.0,20.0,239.0
485,1630172,1610612741,19.0,71.0,71.0,1983.0,255.0,528.0,0.483,54.0,138.0,0.391,91.0,125.0,0.728,66.0,261.0,327.0,99.0,64.0,46.0,98.0,126.0,655.0
486,1630533,1610612763,,,,,,,,,,,,,,,,,,,,,,
487,1629057,1610612738,23.0,52.0,13.0,985.0,186.0,258.0,0.721,0.0,2.0,0.0,45.0,73.0,0.616,133.0,225.0,358.0,94.0,43.0,91.0,52.0,105.0,417.0
488,1629627,1610612740,20.0,61.0,61.0,2026.0,634.0,1037.0,0.611,10.0,34.0,0.294,369.0,529.0,0.698,167.0,274.0,441.0,226.0,57.0,39.0,167.0,135.0,1647.0
489,1629685,1610612739,24.0,31.0,0.0,513.0,57.0,130.0,0.438,26.0,77.0,0.338,21.0,27.0,0.778,20.0,87.0,107.0,33.0,19.0,12.0,32.0,37.0,161.0
490,1626159,1610612757,,,,,,,,,,,,,,,,,,,,,,
491,1630216,1610612764,23.0,22.0,0.0,98.0,14.0,33.0,0.424,8.0,17.0,0.471,5.0,6.0,0.833,0.0,9.0,9.0,12.0,2.0,1.0,5.0,8.0,41.0
492,1630164,1610612744,20.0,39.0,27.0,836.0,191.0,368.0,0.519,12.0,38.0,0.316,54.0,86.0,0.628,55.0,171.0,226.0,26.0,11.0,36.0,60.0,121.0,448.0
493,1626174,1610612742,,,,,,,,,,,,,,,,,,,,,,
494,1630218,1610612759,,,,,,,,,,,,,,,,,,,,,,
495,1626153,1610612764,,,,,,,,,,,,,,,,,,,,,,
496,1630589,1610612742,,,,,,,,,,,,,,,,,,,,,,
497,1630593,1610612742,,,,,,,,,,,,,,,,,,,,,,
498,1628221,1610612754,,,,,,,,,,,,,,,,,,,,,,
499,201152,1610612761,,,,,,,,,,,,,,,,,,,,,,
500,1629027,1610612737,22.0,63.0,63.0,2125.0,487.0,1112.0,0.438,136.0,397.0,0.343,484.0,546.0,0.886,38.0,207.0,245.0,594.0,53.0,12.0,261.0,111.0,1594.0
501,1630209,1610612748,,,,,,,,,,,,,,,,,,,,,,
502,1627826,1610612746,24.0,72.0,33.0,1609.0,257.0,394.0,0.652,1.0,4.0,0.25,135.0,171.0,0.789,189.0,330.0,519.0,90.0,24.0,62.0,81.0,187.0,650.0
